RELEASE DATE,AUCID,PUBLISHER,TITLE,SUPPLY,RESERVE_PRICE
5/25/16,CMZ0001,007 MAGAZINE AND ARCHIVE,007 Magazine Presents Goldfinger Portfolio #2,2,29.99
5/25/16,CMZ0002,451 MEDIA GROUP,Self Storage #5 (Of 6),1,3.99
5/25/16,CMZ0003,ABSTRACT STUDIOS,Rachel Rising #42,5,3.99
5/25/16,CMZ0004,ACME INK,Rock And Roll Biographies #5 (Iron Maiden),2,3.5
5/25/16,CMZ0005,ACTION LAB ENTERTAINMENT,Action Lab Dog Of Wonder #2 (Cover A Ted Brandt & Rosy Higgins),8,3.99
5/25/16,CMZ0006,ACTION LAB ENTERTAINMENT,Action Lab Dog Of Wonder #2 (Cover B Sam Ellis),6,4.99
5/25/16,CMZ0007,ACTION LAB ENTERTAINMENT,Princeless Raven The Pirate Princess #8,1,3.99
5/25/16,CMZ0008,AFTERSHOCK COMICS,Dreaming Eagles #5 (Of 6),4,3.99
5/25/16,CMZ0009,AFTERSHOCK COMICS,Strayer #4,6,3.99
5/25/16,CMZ0010,ALTERNATIVE COMICS,From Now On GN,9,14.95
5/25/16,CMZ0011,ALTERNATIVE COMICS,Incomplete Works GN,2,19.99
5/25/16,CMZ0012,AMERICAN GOTHIC PRESS,Famous Monsters Presents Monster World #4 (Of 4)(Cover A Piotr Kowalski),3,3.99
5/25/16,CMZ0013,ANTARCTIC PRESS,Ultracat #1,2,3.99
5/25/16,CMZ0014,ARCANA STUDIO,Untouchable GN,2,12.95
5/25/16,CMZ0015,ARCHIE COMIC PUBLICATIONS,Afterlife With Archie #9 (Cover A Francesco Francavilla),2,3.99
5/25/16,CMZ0016,ARCHIE COMIC PUBLICATIONS,Afterlife With Archie #9 (Cover B Dave Devries),1,3.99
5/25/16,CMZ0017,ARCHIE COMIC PUBLICATIONS,Archie Giant Comics Blast TP,6,7.99
5/25/16,CMZ0018,ARCHIE COMIC PUBLICATIONS,Sonic Universe #85 (Cover A Diana Skelly),8,3.99
5/25/16,CMZ0019,ARCHIE COMIC PUBLICATIONS,Sonic Universe #85 (Cover B Dan Schoening),5,3.99
5/25/16,CMZ0020,ARH COMIX,Queen Of Vampires #4 (Of 7),9,3.99
5/25/16,CMZ0021,AVATAR PRESS,Crossed Volume 16 HC,12,27.99
5/25/16,CMZ0022,AVATAR PRESS,Crossed Volume 16 TP,15,19.99
5/25/16,CMZ0023,BLISS ON TAP,Future Proof #11,5,3.99
5/25/16,CMZ0024,BLUE JUICE COMICS,Accelerators #11 (Relativity #1 Of 5),2,3.99
5/25/16,CMZ0025,BONGO COMICS,Simpsons Illustrated #23,7,4.99
5/25/16,CMZ0026,BOOM! STUDIOS,Bill And Ted Go To Hell #4 (Of 4)(Cover A Jamal Campbell),4,3.99
5/25/16,CMZ0027,BOOM! STUDIOS,Bill And Ted Go To Hell #4 (Of 4)(Cover B Daniel Warren Johnson),1,3.99
5/25/16,CMZ0028,BOOM! STUDIOS,Day Men Volume 2 TP,9,14.99
5/25/16,CMZ0029,BOOM! STUDIOS,Garfield Volume 8 TP,23,13.99
5/25/16,CMZ0030,BOOM! STUDIOS,Goldie Vance #1 (Of 4)(Molly Ostertag 2nd Printing Variant Cover),9,3.99
5/25/16,CMZ0031,BOOM! STUDIOS,Jonesy #4 (Of 4)(Cover A Caitlin Rose Boyle),14,3.99
5/25/16,CMZ0032,BOOM! STUDIOS,Joyride #2 (Of 4)(Cover A Marcus To),16,3.99
5/25/16,CMZ0033,BOOM! STUDIOS,Kennel Block Blues #1 (Of 4)(Daniel Bayliss 2nd Printing Variant Cover),34,3.99
5/25/16,CMZ0034,BOOM! STUDIOS,Munchkin #17 (Cover A Scott Maynard),1,3.99
5/25/16,CMZ0035,BOOM! STUDIOS,Munchkin Volume 2 TP,5,14.99
5/25/16,CMZ0036,BOOM! STUDIOS,Over The Garden Wall #2 (Cover A Jim Campbell),9,3.99
5/25/16,CMZ0037,BOOM! STUDIOS,Over The Garden Wall #2 (Cover B Anna Craig),10,3.99
5/25/16,CMZ0038,BOOM! STUDIOS,Regular Show Volume 3 A Clash Of Consoles GN,2,14.99
5/25/16,CMZ0039,BOOM! STUDIOS,Steven Universe And The Crystal Gems #1 (Of 4)(Allison Strejlau 2nd Printing Variant Cover),1,3.99
5/25/16,CMZ0040,BOOM! STUDIOS,Steven Universe And The Crystal Gems #3 (Of 4)(Cover A Kat Leyh),5,3.99
5/25/16,CMZ0041,BOOM! STUDIOS,Steven Universe And The Crystal Gems #3 (Of 4)(Cover B Jeremy Sorese),2,3.99
5/25/16,CMZ0042,BOOM! STUDIOS,Welcome Back #8 (Cover A Jonathan Brandon Sawyer),8,3.99
5/25/16,CMZ0043,BROADSWORD COMICS,Tarot Witch Of The Black Rose #98 (Cover A Jim Balent),6,2.95
5/25/16,CMZ0044,CINEBOOK,Alone Volume 5 Eye Of The Maelstrom GN,1,11.95
5/25/16,CMZ0045,CINEBOOK,Marquis Of Anaon Volume 3 The Providence GN,4,13.95
5/25/16,CMZ0046,CINEBOOK,Namibia Volume 1 GN,6,11.95
5/25/16,CMZ0047,CINEBOOK,Survivors Volume 3 Quantum Anomalies GN,9,11.95
5/25/16,CMZ0048,CINEBOOK,Valerian Volume 11 The Ghosts Of Inverloch GN,2,11.95
5/25/16,CMZ0049,CREATURE,Tommy #2 (Of 3)(Cover A Kenny Calderon),3,3.99
5/25/16,CMZ0050,DANGER ZONE,Puppet Master #15 (Cover A Michela Da Sacco),2,3.99
5/25/16,CMZ0051,DANGER ZONE,Puppet Master #15 (Cover B Andrew Mangum),2,4.99
5/25/16,CMZ0052,DANGER ZONE,Puppet Master #15 (Cover C Andrew Mangum),2,4.99
5/25/16,CMZ0053,DANGER ZONE,Tomboy #5 (Cover A Mia Goodwin),1,3.99
5/25/16,CMZ0054,DANGER ZONE,Tomboy #5 (Cover B Winston Young),6,4.99
5/25/16,CMZ0055,DANGER ZONE,Vampblade Volume 1 TP (Cover A Winston Young),8,14.99
5/25/16,CMZ0056,DANGER ZONE,Vampblade Volume 1 TP (Cover B Winston Young),5,14.99
5/25/16,CMZ0057,DANGER ZONE,Vampblade Volume 1 TP (Cover C Winston Young),9,14.99
5/25/16,CMZ0058,DANGER ZONE,Zombie Tramp #23 (Cover A TMChu),12,3.99
5/25/16,CMZ0059,DANGER ZONE,Zombie Tramp #23 (Cover B Dan Mendoza),15,4.99
5/25/16,CMZ0060,DANGER ZONE,Zombie Tramp #23 (Cover C Dan Mendoza),5,4.99
5/25/16,CMZ0061,DANGER ZONE,Zombie Tramp #23 (Cover D Marcelo Trom),2,4.99
5/25/16,CMZ0062,DANGER ZONE,Zombie Tramp #23 (Cover E Marcelo Trom),7,4.99
5/25/16,CMZ0063,DANGER ZONE,Zombie Tramp #23 (Cover F Dan Mendoza),4,4.99
5/25/16,CMZ0064,DARK HORSE COMICS,Aliens Defiance #2,1,3.99
5/25/16,CMZ0065,DARK HORSE COMICS,Art Of Broken Age HC,9,19.99
5/25/16,CMZ0066,DARK HORSE COMICS,Aw Yeah Comics Action Cat And Adventure Bug #3 (Of 4),23,2.99
5/25/16,CMZ0067,DARK HORSE COMICS,Death Follows TP,9,17.99
5/25/16,CMZ0068,DARK HORSE COMICS,EC Archives The Haunt Of Fear Volume 3 HC,14,49.99
5/25/16,CMZ0069,DARK HORSE COMICS,Groo Friends And Foes Volume 3 TP,16,14.99
5/25/16,CMZ0070,DARK HORSE COMICS,Lobster Johnson Metal Monsters Of Midtown #1 (Of 3),34,3.5
5/25/16,CMZ0071,DARK HORSE COMICS,Mirror's Edge Catalyst The Poster Collection TP (not verified by Diamond),1,24.99
5/25/16,CMZ0072,DARK HORSE COMICS,Rook Volume 1 TP,5,14.99
5/25/16,CMZ0073,DARK HORSE COMICS,Strain Volume 3 The Night Eternal HC,9,29.99
5/25/16,CMZ0074,DC COMICS,Adventures Of Supergirl #2 (not verified by Diamond),10,2.99
5/25/16,CMZ0075,DC COMICS,Art Ops #8,9,3.99
5/25/16,CMZ0076,DC COMICS,Batgirl #52 (Babs Tarr Regular Cover),12,2.99
5/25/16,CMZ0077,DC COMICS,Batman '66 Meets The Man From U.N.C.L.E. #6 (Of 6),15,2.99
5/25/16,CMZ0078,DC COMICS,Batman Superman #32 (Yanick Paquette 2nd Printing Variant Cover)(not verified by Diamond),5,3.99
5/25/16,CMZ0079,DC COMICS,Batman Teenage Mutant Ninja Turtles #2 (Of 6)(Freddie E. Williams II 4th Printing Variant Cover)(not verified by Diamond),2,3.99
5/25/16,CMZ0080,DC COMICS,Batman Teenage Mutant Ninja Turtles #3 (Of 6)(Freddie E. Williams II 3rd Printing Variant Cover)(not verified by Diamond),7,3.99
5/25/16,CMZ0081,DC COMICS,Batman Teenage Mutant Ninja Turtles #4 (Of 6)(Freddie E. Williams II 2nd Printing Variant Cover)(not verified by Diamond),4,3.99
5/25/16,CMZ0082,DC COMICS,Cyborg #11,1,2.99
5/25/16,CMZ0083,DC COMICS,DC Comics Bombshells #13,9,3.99
5/25/16,CMZ0084,DC COMICS,DC Universe Rebirth #1 (Gary Frank Regular Cover),23,2.99
5/25/16,CMZ0085,DC COMICS,DC Universe Rebirth #1 (Ivan Reis & Joe Prado Midnight Release Variant Cover),9,2.99
5/25/16,CMZ0086,DC COMICS,DC Universe Rebirth #1 (Ivan Reis & Joe Prado Variant Cover),14,2.99
5/25/16,CMZ0087,DC COMICS,Deathstroke #18,16,2.99
5/25/16,CMZ0088,DC COMICS,Flash #52 (Ivan Reis & Joe Prado Regular Cover),34,3.99
5/25/16,CMZ0089,DC COMICS,Grayson #20,1,3.99
5/25/16,CMZ0090,DC COMICS,Green Lantern New Gods Godhead TP,5,24.99
5/25/16,CMZ0091,DC COMICS,Justice League #50 (Jason Fabok Regular Cover),9,5.99
5/25/16,CMZ0092,DC COMICS,Justice League 3001 #12,10,2.99
5/25/16,CMZ0093,DC COMICS,Omega Men #12,9,2.99
5/25/16,CMZ0094,DC COMICS,Scooby Apocalypse #1 (Jim Lee Regular Cover),10,3.99
5/25/16,CMZ0095,DC COMICS,Secret Six #14,2,2.99
5/25/16,CMZ0096,DC COMICS,Smallville Season 11 Volume 8 Chaos TP,1,16.99
5/25/16,CMZ0097,DC COMICS,Suicide Squad Most Wanted Deadshot And Katana #5 (Of 6),5,4.99
5/25/16,CMZ0098,DC COMICS,Suiciders Kings Of Hell.A. #3 (Of 6),2,3.99
5/25/16,CMZ0099,DC COMICS,Superman #52 (Mikel Janin Regular Cover),8,3.99
5/25/16,CMZ0100,DC COMICS,Superman Adventures Volume 2 TP,6,19.99
5/25/16,CMZ0101,DC COMICS,Superman Lois And Clark #8,1,3.99
5/25/16,CMZ0102,DC COMICS,Teen Titans #20,4,2.99
5/25/16,CMZ0103,DC COMICS,Teen Titans Go Heroes On Patrol TP (New Edition),6,12.99
5/25/16,CMZ0104,DC COMICS,We Are Robin #12,9,3.99
5/25/16,CMZ0105,DEVILS DUE/1FIRST COMICS,Squarriors Volume 2 Summer #1 (Of 4)(Cover A Ashley Witter),2,3.99
5/25/16,CMZ0106,DEVILS DUE/1FIRST COMICS,Witchfinder General #5 (Of 6),3,3.99
5/25/16,CMZ0107,DIAMOND PUBLICATIONS,Game Trade Magazine #196,2,3.99
5/25/16,CMZ0108,DIAMOND PUBLICATIONS,Previews #333 (June 2016),2,3.99
5/25/16,CMZ0109,DYNAMITE ENTERTAINMENT,Devilers TP (not verified by Diamond),2,19.99
5/25/16,CMZ0110,DYNAMITE ENTERTAINMENT,Jose Gonzalez Vampirella Art Edition HC,1,150
5/25/16,CMZ0111,DYNAMITE ENTERTAINMENT,Shadow The Last Illusion TP (not verified by Diamond),6,19.99
5/25/16,CMZ0112,DYNAMITE ENTERTAINMENT,Shaft Imitation Of Life #4 (Of 4)(Cover A Matthew Clarke),8,3.99
5/25/16,CMZ0113,EAGLEMOSS PUBLICATIONS,Marvel Chess Figurine Collection Magazine #59 (Bastion Black Knight),5,17
5/25/16,CMZ0114,EAGLEMOSS PUBLICATIONS,Marvel Chess Figurine Collection Magazine #61 (Kitty Pride White Pawn),9,17
5/25/16,CMZ0115,EGMONT UK,Thunderbirds Comic Collection Volume 2 HC,12,39.95
5/25/16,CMZ0116,FANTAGRAPHICS BOOKS,Barnaby Volume 3 HC,15,39.99
5/25/16,CMZ0117,FANTAGRAPHICS BOOKS,Disquiet HC,5,19.99
5/25/16,CMZ0118,FANTAGRAPHICS BOOKS,LOVF An Illustrated Vision Of A Man Losing His Mind GN (not verified by Diamond),2,24.99
5/25/16,CMZ0119,FILMFAX,FilmFax #144,7,9.95
5/25/16,CMZ0120,GRAPHIC INDIA,Stan Lee's Chakra Rise Of Infinitus #1,4,1.99
5/25/16,CMZ0121,GRIND HOUSE COMICS,Escape From The Dead GN,1,9.99
5/25/16,CMZ0122,HACHETTE PARTWORKS,Doctor Who The Complete History Volume 12 The Ninth Doctor Stories 157-159 HC,9,18.99
5/25/16,CMZ0123,HACHETTE PARTWORKS,Doctor Who The Complete History Volume 13 The Seventh Doctor Stories 150-152 HC,23,18.99
5/25/16,CMZ0124,HAPPY MEDIUM PRESS,Sci-Fi And Fantasy Modeller Volume 41,9,27.99
5/25/16,CMZ0125,HORRORHOUND,HorrorHound #59,14,6.99
5/25/16,CMZ0126,IDW PUBLISHING,Back To The Future #8 (Cover A Marcelo Ferreira),16,3.99
5/25/16,CMZ0127,IDW PUBLISHING,Back To The Future #8 (Cover B Andrew Griffith),34,3.99
5/25/16,CMZ0128,IDW PUBLISHING,Dirk Gently's Holistic Detective Agency A Spoon Too Short #4 (Of 5)(Cover A Ilias Kyriazis),1,3.99
5/25/16,CMZ0129,IDW PUBLISHING,Dirk Gently's Holistic Detective Agency A Spoon Too Short #4 (Of 5)(Cover B Robert Hack),5,3.99
5/25/16,CMZ0130,IDW PUBLISHING,Disney Magic Kingdom Comics #1 (Of 2)(Cover A Massimo Fecchi),9,6.99
5/25/16,CMZ0131,IDW PUBLISHING,Disney Magic Kingdom Comics #1 (Of 2)(Cover B Carl Barks),10,6.99
5/25/16,CMZ0132,IDW PUBLISHING,Ghostbusters International #5 (Cover A Dan Schoening),9,3.99
5/25/16,CMZ0133,IDW PUBLISHING,Ghostbusters International #5 (Cover B Corin Howell),12,3.99
5/25/16,CMZ0134,IDW PUBLISHING,God Is Disappointed In You Apocrypha Now HC (Slipcase Edition),15,39.99
5/25/16,CMZ0135,IDW PUBLISHING,Hero Comics A Hero Initiative Benefit Book TP,5,19.99
5/25/16,CMZ0136,IDW PUBLISHING,Hunter S. Thompson's Fear And Loathing In Las Vegas #1 (Cover A Troy Little),2,4.99
5/25/16,CMZ0137,IDW PUBLISHING,Hunter S. Thompson's Fear And Loathing In Las Vegas #1 (Cover B Jim Mahfood),7,4.99
5/25/16,CMZ0138,IDW PUBLISHING,Jem And The Holograms #15 (Cover A Sophie Campbell),4,3.99
5/25/16,CMZ0139,IDW PUBLISHING,Jem And The Holograms #15 (Cover B Jen Bartel),1,3.99
5/25/16,CMZ0140,IDW PUBLISHING,Judge Dredd #6 (Cover A Ulises Farinas),9,3.99
5/25/16,CMZ0141,IDW PUBLISHING,Judge Dredd #6 (Cover B Giannis Milonogiannis),23,3.99
5/25/16,CMZ0142,IDW PUBLISHING,Orphan Black Helsinki #5 (Of 5)(Cover A Aynslie Risto),9,3.99
5/25/16,CMZ0143,IDW PUBLISHING,Orphan Black Helsinki #5 (Of 5)(Cover B Cat Staggs),14,3.99
5/25/16,CMZ0144,IDW PUBLISHING,Skylanders Secret Agent Secrets HC,16,12.99
5/25/16,CMZ0145,IDW PUBLISHING,Star Trek Gold Key Archives Volume 5 HC,34,29.99
5/25/16,CMZ0146,IDW PUBLISHING,Strawberry Shortcake #2 (Cover C Nicoletta Baldari),1,4.99
5/25/16,CMZ0147,IDW PUBLISHING,Street Fighter X G.I. JOE #4 (Of 6)(Cover A Phil Jimenez),5,3.99
5/25/16,CMZ0148,IDW PUBLISHING,Street Fighter X G.I. JOE #4 (Of 6)(Cover B Nelson Daniel),9,3.99
5/25/16,CMZ0149,IDW PUBLISHING,Teenage Mutant Ninja Turtles Amazing Adventures #10 (Cover A Jon Sommariva),10,3.99
5/25/16,CMZ0150,IDW PUBLISHING,Teenage Mutant Ninja Turtles Amazing Adventures #10 (Cover B Jerry Gaylord),5,3.99
5/25/16,CMZ0151,IDW PUBLISHING,Teenage Mutant Ninja Turtles Amazing Adventures Carmelo Anthony Special #1 (Cover A Chad Thomas),2,5.99
5/25/16,CMZ0152,IDW PUBLISHING,Teenage Mutant Ninja Turtles Amazing Adventures Carmelo Anthony Special #1 (Cover B Jon Sommariva),7,5.99
5/25/16,CMZ0153,IDW PUBLISHING,Transformers #53 (Cover A Andrew Griffith),4,3.99
5/25/16,CMZ0154,IDW PUBLISHING,Transformers #53 (Cover B Casey W. Coller),1,3.99
5/25/16,CMZ0155,IDW PUBLISHING,Transformers More Than Meets The Eye #53 (Cover A Alex Milne),9,3.99
5/25/16,CMZ0156,IDW PUBLISHING,Transformers More Than Meets The Eye #53 (Cover B Hayato Sakamoto),23,3.99
5/25/16,CMZ0157,IDW PUBLISHING,X-Files #2 (Cover A Menton J. Matthews III),9,3.99
5/25/16,CMZ0158,IDW PUBLISHING,X-Files #2 (Cover B Photo),14,3.99
5/25/16,CMZ0159,ILLUSTRATION MAGAZINE,Illustration Magazine #52 (not verified by Diamond),16,15
5/25/16,CMZ0160,IMAGE COMICS,Aloha Hawaiian Dick #2 (Of 5),34,3.99
5/25/16,CMZ0161,IMAGE COMICS,Art Of Rahsan Ekedal HC,1,29.99
5/25/16,CMZ0162,IMAGE COMICS,Black Science Volume 4 Godworld TP,5,14.99
5/25/16,CMZ0163,IMAGE COMICS,Cry Havoc #5 (Cover A Ryan Kelly & Emma Price),9,3.99
5/25/16,CMZ0164,IMAGE COMICS,Cry Havoc #5 (Cover B Cliff Chiang),10,3.99
5/25/16,CMZ0165,IMAGE COMICS,Dream Police #10,2,2.99
5/25/16,CMZ0166,IMAGE COMICS,East Of West #26,1,3.5
5/25/16,CMZ0167,IMAGE COMICS,Empty Zone #8,5,3.5
5/25/16,CMZ0168,IMAGE COMICS,Invincible #127 (Ryan Ottley 2nd Printing Variant Cover),2,2.99
5/25/16,CMZ0169,IMAGE COMICS,Legacy Of Luther Strode #6 (Of 6),8,3.5
5/25/16,CMZ0170,IMAGE COMICS,Monstress #6,15,3.99
5/25/16,CMZ0171,IMAGE COMICS,Nowhere Men #8 (Dave Taylor 2nd Printing Variant Cover),5,2.99
5/25/16,CMZ0172,IMAGE COMICS,Octopus Pie Volume 4 TP,2,14.99
5/25/16,CMZ0173,IMAGE COMICS,Sex #28,7,3.99
5/25/16,CMZ0174,IMAGE COMICS,Starve #9,4,3.99
5/25/16,CMZ0175,IMAGE COMICS,Symmetry Volume 1 TP,1,9.99
5/25/16,CMZ0176,IMAGE COMICS,Tech Jacket Volume 4 All Falls Down TP,9,16.99
5/25/16,CMZ0177,IMAGE COMICS,They're Not Like Us Volume 2 TP,23,14.99
5/25/16,CMZ0178,IMAGE COMICS,Tokyo Ghost #7 (Cover A Sean Gordon Murphy & Matt Hollingsworth),9,3.99
5/25/16,CMZ0179,IMAGE COMICS,Tokyo Ghost #7 (Cover B Bengal),14,3.99
5/25/16,CMZ0180,IMAGE COMICS,Wayward Volume 3 Out From The Shadows TP,16,16.99
5/25/16,CMZ0181,IMPROPER BOOKS,Butterfly Gate #1,34,12.99
5/25/16,CMZ0182,IMPROPER BOOKS,Knight And Dragon #1,1,14.99
5/25/16,CMZ0183,JOE BOOKS,Disney's Darkwing Duck #2,5,2.99
5/25/16,CMZ0184,KODANSHA COMICS,Real Account Volume 2 GN,9,10.99
5/25/16,CMZ0185,KODANSHA COMICS,Tsubasa Omnibus Volume 8 GN,10,19.99
5/25/16,CMZ0186,LOCUS MAGAZINE,Locus #664 (May 2016),9,7.5
5/25/16,CMZ0187,MAGNETIC PRESS,Klaw GN,10,24.99
5/25/16,CMZ0188,MARVEL COMICS,Amazing Spider-Man #1.5 (Simone Bianchi Regular Cover),2,3.99
5/25/16,CMZ0189,MARVEL COMICS,Captain America Steve Rogers #1 (Jesus Saiz Regular Cover),1,4.99
5/25/16,CMZ0190,MARVEL COMICS,Captain Marvel #5 (Kris Anka Regular Cover),5,3.99
5/25/16,CMZ0191,MARVEL COMICS,Carnage #8,2,3.99
5/25/16,CMZ0192,MARVEL COMICS,Civil War II #0 (Olivier Coipel 2nd Printing Variant Cover),8,4.99
5/25/16,CMZ0193,MARVEL COMICS,Daredevil #7 (Bill Sienkiewicz Regular Cover),6,3.99
5/25/16,CMZ0194,MARVEL COMICS,Daredevil Vs Punisher Means And Ends TP (New Printing),1,17.99
5/25/16,CMZ0195,MARVEL COMICS,Deadpool #12 (Scott Koblish Regular Cover),4,3.99
5/25/16,CMZ0196,MARVEL COMICS,Doctor Strange #8 (Chris Bachalo Regular Cover),6,3.99
5/25/16,CMZ0197,MARVEL COMICS,Drax #7,9,3.99
5/25/16,CMZ0198,MARVEL COMICS,Drax Volume 1 The Galaxy's Best Detective TP,2,15.99
5/25/16,CMZ0199,MARVEL COMICS,Extraordinary X-Men #10 (Humberto Ramos Regular Cover),3,3.99
5/25/16,CMZ0200,MARVEL COMICS,Guidebook To The Marvel Cinematic Universe Marvel's Captain America The Winter Soldier/Marvel's Ant-Man,2,3.99
5/25/16,CMZ0201,MARVEL COMICS,Haunted Mansion #2 (Of 5)(E.M. Gist 2nd Printing Variant Cover),2,3.99
5/25/16,CMZ0202,MARVEL COMICS,Howling Commandos Of S.H.I.E.L.D. Monster Squad TP,2,19.99
5/25/16,CMZ0203,MARVEL COMICS,Hyperion #3 (Emanuela Lupacchino Regular Cover),1,3.99
5/25/16,CMZ0204,MARVEL COMICS,Marvel Previews June 2016,6,1.25
5/25/16,CMZ0205,MARVEL COMICS,Marvel Universe Guardians Of The Galaxy #8,8,2.99
5/25/16,CMZ0206,MARVEL COMICS,Marvel Universe Ultimate Spider-Man Contest Of Champions #3,5,2.99
5/25/16,CMZ0207,MARVEL COMICS,Max Ride Ultimate Flight HC,9,24.99
5/25/16,CMZ0208,MARVEL COMICS,Mighty Thor #7,12,3.99
5/25/16,CMZ0209,MARVEL COMICS,Mockingbird #3 (Kris Anka Regular Cover),15,3.99
5/25/16,CMZ0210,MARVEL COMICS,Moon Girl And Devil Dinosaur #7 (Amy Reeder Regular Cover),5,3.99
5/25/16,CMZ0211,MARVEL COMICS,Moon Knight #1 (Greg Smallwood 2nd Printing Variant Cover),2,4.99
5/25/16,CMZ0212,MARVEL COMICS,Ms. Marvel #7 (David Lopez Regular Cover),7,3.99
5/25/16,CMZ0213,MARVEL COMICS,Nighthawk #1 (Denys Cowan & Bill Sienkiewicz Regular Cover),4,3.99
5/25/16,CMZ0214,MARVEL COMICS,Obi-Wan And Anakin #5 (Of 5),1,3.99
5/25/16,CMZ0215,MARVEL COMICS,Patsy Walker A.K.A. Hellcat #6,9,3.99
5/25/16,CMZ0216,MARVEL COMICS,Red Wolf #6,23,3.99
5/25/16,CMZ0217,MARVEL COMICS,Spider-Man Deadpool #1 (Ed McGuinness 5th Printing Variant Cover),9,3.99
5/25/16,CMZ0218,MARVEL COMICS,Spider-Man Deadpool #2 (Ed McGuinness 4th Printing Variant Cover),14,3.99
5/25/16,CMZ0219,MARVEL COMICS,Spider-Man Deadpool #3 (Ed McGuinness 3rd Printing Variant Cover),16,3.99
5/25/16,CMZ0220,MARVEL COMICS,Spider-Man Deadpool #4 (Ed McGuinness 2nd Printing Variant Cover),34,3.99
5/25/16,CMZ0221,MARVEL COMICS,Spider-Man Deadpool #5,1,3.99
5/25/16,CMZ0222,MARVEL COMICS,Spider-Man Tombstone Volume 1 TP,5,34.99
5/25/16,CMZ0223,MARVEL COMICS,Star Wars #19 (Leinil Francis Yu Regular Cover),9,3.99
5/25/16,CMZ0224,MARVEL COMICS,Star Wars Episode I The Phantom Menace HC,10,24.99
5/25/16,CMZ0225,MARVEL COMICS,Star Wars Poe Dameron #1 (Phil Noto 2nd Printing Variant Cover),9,4.99
5/25/16,CMZ0226,MARVEL COMICS,Starbrand And Nightmask #6,12,3.99
5/25/16,CMZ0227,MARVEL COMICS,Totally Awesome Hulk #6,15,3.99
5/25/16,CMZ0228,MARVEL COMICS,Unbeatable Squirrel Girl #8,5,3.99
5/25/16,CMZ0229,MARVEL COMICS,Unbeatable Squirrel Girl Volume 3 Squirrel You Really Got Me Now TP,2,17.99
5/25/16,CMZ0230,MARVEL COMICS,Uncanny Inhumans #9,7,3.99
5/25/16,CMZ0231,MARVEL COMICS,Weirdworld #6,4,3.99
5/25/16,CMZ0232,MARVEL COMICS,X-Men Worst X-Man Ever #4 (Of 5),1,3.99
5/25/16,CMZ0233,ONI PRESS,Another Castle #3 (Of 5)(Cover A Paulina Ganucheau),9,3.99
5/25/16,CMZ0234,ONI PRESS,Another Castle #3 (Of 5)(Cover B Mildred Louis),23,3.99
5/25/16,CMZ0235,ONI PRESS,Brobots And The Kaiju Kerfuffle HC,9,12.99
5/25/16,CMZ0236,ONI PRESS,Heartthrob #2,14,3.99
5/25/16,CMZ0237,ONI PRESS,Letter 44 #25,16,3.99
5/25/16,CMZ0238,ONI PRESS,Rick And Morty #14 (Cover A CJ Cannon),34,3.99
5/25/16,CMZ0239,ONI PRESS,Rick And Morty #14 (Cover B Savanna Ganucheau),1,3.99
5/25/16,CMZ0240,PANINI PUBLISHING,Doctor Who Magazine Special #43,5,11.99
5/25/16,CMZ0241,PENGUIN GROUP UK,Doctor Who Horror Of The Space Snakes SC,9,9.99
5/25/16,CMZ0242,PENGUIN GROUP UK,Doctor Who The Good The Bad And The Alien SC,10,9.99
5/25/16,CMZ0243,PENGUIN GROUP UK,Doctor Who The Water Thief SC,5,9.99
5/25/16,CMZ0244,REBELLION,2000 AD Pack April 2016 (1975-1978),2,20.8
5/25/16,CMZ0245,REBELLION,Judge Dredd Megazine #371,7,12.6
5/25/16,CMZ0246,SCOUT COMICS,Elasticator #3 (Of 8),4,3.99
5/25/16,CMZ0247,SPACE GOAT PUBLISHING,Evil Dead 2 #1 (Kevin J. West 2nd Printing Variant Cover),1,3.99
5/25/16,CMZ0248,STORM KING PRODUCTIONS,John Carpenter's Asylum #14,9,3.99
5/25/16,CMZ0249,TASCHEN AMERICA,1000 Pin-Up Girls Bibliotheca Universalis Edition HC,23,19.99
5/25/16,CMZ0250,TASCHEN AMERICA,Gisele Bundchen HC,9,69.99
5/25/16,CMZ0251,TASCHEN AMERICA,New York Girls 20th Anniversary Edition HC,14,39.99
5/25/16,CMZ0252,TITAN ENTERTAINMENT GROUP,Assassin's Creed Volume 1 Trial By Fire TP,16,14.99
5/25/16,CMZ0253,TITAN ENTERTAINMENT GROUP,Dark Souls #1 (Alan Quah 2nd Printing Variant Cover),34,3.99
5/25/16,CMZ0254,TITAN ENTERTAINMENT GROUP,Doctor Who The Ninth Doctor #2 (Cover A Mark Wheatley),1,3.99
5/25/16,CMZ0255,TITAN ENTERTAINMENT GROUP,Doctor Who The Ninth Doctor #2 (Cover B Photo),5,3.99
5/25/16,CMZ0256,TITAN ENTERTAINMENT GROUP,Doctor Who The Ninth Doctor #2 (Cover C Adriana Melo),9,3.99
5/25/16,CMZ0257,TITAN ENTERTAINMENT GROUP,Doctor Who The Ninth Doctor #2 (Cover D Blair Shedd),10,3.99
5/25/16,CMZ0258,TITAN ENTERTAINMENT GROUP,Doctor Who The Ninth Doctor #2 (Cover E Steve Byrne),2,3.99
5/25/16,CMZ0259,TITAN ENTERTAINMENT GROUP,Doctor Who The Tenth Doctor Year 2 #10 (Cover A Elena Casagrande),1,3.99
5/25/16,CMZ0260,TITAN ENTERTAINMENT GROUP,Doctor Who The Tenth Doctor Year 2 #10 (Cover B Photo),5,3.99
5/25/16,CMZ0261,TITAN ENTERTAINMENT GROUP,Doctor Who The Tenth Doctor Year 2 #10 (Cover C Eleonora Carlini),2,3.99
5/25/16,CMZ0262,TITAN ENTERTAINMENT GROUP,Doctor Who The Twelfth Doctor Year 2 #6 (Cover A Steve Pugh),8,3.99
5/25/16,CMZ0263,TITAN ENTERTAINMENT GROUP,Doctor Who The Twelfth Doctor Year 2 #6 (Cover B Photo),6,3.99
5/25/16,CMZ0264,TITAN ENTERTAINMENT GROUP,Doctor Who The Twelfth Doctor Year 2 #6 (Cover C Todd Nauck),9,3.99
5/25/16,CMZ0265,TITAN ENTERTAINMENT GROUP,Doctor Who The Twelfth Doctor Year 2 #6 (Cover D Robert Hack),2,3.99
5/25/16,CMZ0266,TITAN ENTERTAINMENT GROUP,Doctor Who The Twelfth Doctor Year 2 #6 (Cover E Simon Myers),3,3.99
5/25/16,CMZ0267,TITAN ENTERTAINMENT GROUP,Johnny Red #7 (Of 8)(Cover A Mike Perkins),2,3.99
5/25/16,CMZ0268,TITAN ENTERTAINMENT GROUP,Johnny Red #7 (Of 8)(Cover B Keith Burns),2,3.99
5/25/16,CMZ0269,TITAN ENTERTAINMENT GROUP,Tank Girl Two Girls One Tank #1 Of 4)(Cover D Blank Sketch),2,3.99
5/25/16,CMZ0270,TOKYOPOP,Alice In Wonderland Special Collector's Manga HC,1,19.99
5/25/16,CMZ0271,TRAFALGAR SQUARE,Elstree Studios A Celebration Of Film And Television SC,6,45
5/25/16,CMZ0272,VALIANT ENTERTAINMENT,Bloodshot Reborn #13 (Cover A Ben Oliver),8,3.99
5/25/16,CMZ0273,VALIANT ENTERTAINMENT,Bloodshot Reborn #13 (Cover B Jeffrey Veregge),5,3.99
5/25/16,CMZ0274,VALIANT ENTERTAINMENT,Divinity II #2 (Of 4)(Cover A Jelena Kevic-Djurdjevic),9,3.99
5/25/16,CMZ0275,VALIANT ENTERTAINMENT,Divinity II #2 (Of 4)(Cover B Tom Muller),12,3.99
5/25/16,CMZ0276,VALIANT ENTERTAINMENT,Imperium #16 (Cover A Clayton Henry),15,3.99
5/25/16,CMZ0277,VALIANT ENTERTAINMENT,Imperium #16 (Cover B Diego Bernard),5,3.99
5/25/16,CMZ0278,VALIANT ENTERTAINMENT,Ninjak Volume 3 Operation Deadside TP,2,14.99
5/25/16,CMZ0279,VERTICAL COMICS,Devil's Line Volume 1 GN,7,12.95
5/25/16,CMZ0280,YEN ON,Another Episode SC,4,25
5/25/16,CMZ0281,YEN ON,Baccano The Rolling Bootlegs Light Novel Volume 1 HC,1,20
5/25/16,CMZ0282,YEN ON,Overlord Light Novel Volume 1 HC,6,20
5/25/16,CMZ0283,YEN ON,Strike The Blood Light Novel Volume 3 SC,9,14
5/25/16,CMZ0284,YEN PRESS,Aldnoah Zero Season One Volume 3 GN,2,13
5/25/16,CMZ0285,YEN PRESS,Black Butler Volume 22 TP,3,13
5/25/16,CMZ0286,YEN PRESS,Corpse Party Blood Covered Volume 1 GN,2,20
5/25/16,CMZ0287,YEN PRESS,Dimension W Volume 2 GN,2,13
5/25/16,CMZ0288,YEN PRESS,Dragons Rioting Volume 3 GN,2,13
5/25/16,CMZ0289,YEN PRESS,Inu X Boku SS Volume 11 TP,1,13
5/25/16,CMZ0290,YEN PRESS,Is It Wrong To Try To Pick Up Girls In A Dungeon Volume 5 GN,6,13
5/25/16,CMZ0291,YEN PRESS,Monthly Girls' Nozaki-Kun Volume 3 GN,8,13
5/25/16,CMZ0292,YEN PRESS,Puella Magi Suzune Magica Volume 3 GN,5,13
5/25/16,CMZ0293,YEN PRESS,School Live Volume 3 GN,9,13
5/25/16,CMZ0294,YEN PRESS,Strike The Blood Volume 3 GN,12,13
5/25/16,CMZ0295,YEN PRESS,Trinity Seven The Seven Magicians Volume 5 GN,15,13
5/25/16,CMZ0296,YEN PRESS,Ubel Blatt Volume 5 GN,5,20
5/25/16,CMZ0297,YEN PRESS,Umineko When They Cry Episode 6 Dawn Of The Golden Witch Volume 1 GN,2,20
5/25/16,CMZ0298,YEN PRESS,Unhappy Go Lucky Volume 1 GN,7,13
5/25/16,CMZ0299,YEN PRESS,Until Death Do Us Part Volume 12 GN,4,25
5/25/16,CMZ0300,ZENESCOPE ENTERTAINMENT,Aliens Vs Zombies TP,1,15.99
5/25/16,CMZ0301,ZENESCOPE ENTERTAINMENT,Grimm Fairy Tales Presents Escape From Monster Island #4 (Of 5)(Cover A Anthony Spay),2,3.99
5/25/16,CMZ0302,ZENESCOPE ENTERTAINMENT,Grimm Fairy Tales Presents Escape From Monster Island #4 (Of 5)(Cover B Ed Anderson),1,3.99
5/25/16,CMZ0303,ZENESCOPE ENTERTAINMENT,Grimm Fairy Tales Presents Escape From Monster Island #4 (Of 5)(Cover C Elias Chatzoudis),5,3.99
5/25/16,CMZ0304,ZENESCOPE ENTERTAINMENT,Grimm Fairy Tales Presents Escape From Monster Island #4 (Of 5)(Cover D Alfredo Reyes),2,3.99
5/25/16,CMZ0305,ZENESCOPE ENTERTAINMENT,Grimm Fairy Tales Presents Robyn Hood Annual #1 (Cover A Roberta Ingranata),8,5.99
5/25/16,CMZ0306,ZENESCOPE ENTERTAINMENT,Grimm Fairy Tales Presents Robyn Hood Annual #1 (Cover B Larry Watts),6,5.99
5/25/16,CMZ0307,ZENESCOPE ENTERTAINMENT,Grimm Fairy Tales Presents Robyn Hood Annual #1 (Cover C Marie Laura Sanapo),1,5.99
5/25/16,CMZ0308,ZENESCOPE ENTERTAINMENT,Grimm Fairy Tales Presents Robyn Hood Annual #1 (Cover D Robert Atkins),4,5.99
5/25/16,CMZ0309,ZENESCOPE ENTERTAINMENT,Grimm Fairy Tales Presents Satan's Hollow #3 (Of 5)(Cover A Caio Cacau),6,3.99
5/25/16,CMZ0310,ZENESCOPE ENTERTAINMENT,Grimm Fairy Tales Presents Satan's Hollow #3 (Of 5)(Cover B Anthony Spay),9,3.99
5/25/16,CMZ0311,ZENESCOPE ENTERTAINMENT,Grimm Fairy Tales Presents Satan's Hollow #3 (Of 5)(Cover C Jose Luis),2,3.99
5/25/16,CMZ0312,ZENESCOPE ENTERTAINMENT,Grimm Fairy Tales Presents Satan's Hollow #3 (Of 5)(Cover D Harvey Tolibao),3,3.99
5/25/16,CMZ0313,ZENESCOPE ENTERTAINMENT,Grimm Fairy Tales Presents Van Helsing Vs Dracula TP,2,15.99
5/25/16,CMZ0314,Games - CRYPTOZOIC ENTERTAINMENT,Ghostbusters The Board Game,2,85
5/25/16,CMZ0315,Games - NECA/WIZKIDS,Teenage Mutant Ninja Turtles Dice Masters Box Set,2,34.99
5/25/16,CMZ0316,Games - NECA/WIZKIDS,Teenage Mutant Ninja Turtles Dice Masters Playmat,1,19.99
5/25/16,CMZ0317,Games - NECA/WIZKIDS,Teenage Mutant Ninja Turtles Dice Masters Teenage Mutant Ninja Turtles Dice Bag,6,14.99
5/25/16,CMZ0318,Games - PAIZO,Pathfinder Adventure Card Game Inquisitor Class Deck,8,19.99
5/25/16,CMZ0319,Games - PAIZO,Pathfinder Adventure Path Hell's Vengeance Part 4 Of 6 For Queen And Empire,5,24.99
5/25/16,CMZ0320,Games - PAIZO,Pathfinder Campaign Setting Inner Sea Intrigue,9,22.99
5/25/16,CMZ0321,Games - PAIZO,Pathfinder Flip-Mat Hamlet,12,14.99
5/25/16,CMZ0322,Games - PAIZO,Pathfinder Module Ire Of The Storm,15,24.99
5/25/16,CMZ0323,Games - PAIZO,Pathfinder Pawns Bestiary 5 Box,5,44.99
5/25/16,CMZ0324,Games - PAIZO,Pathfinder Player Companion Magic Tactics Toolbox,2,14.99
5/25/16,CMZ0325,PROJECT H,Ane Koi Elder Sister Love GN (adult),7,19.95
2/1/17,CMZ0326,AFTERSHOCK COMICS,Blood Blister #1 (Cover A Tony Harris),4,3.99
2/1/17,CMZ0327,AMERICAN MYTHOLOGY PRODUCTIONS,Stargate Atlantis Gateways #2 (Cover A Matt Wieringo),1,3.99
2/1/17,CMZ0328,AMERICAN MYTHOLOGY PRODUCTIONS,Stargate Atlantis Gateways #2 (Cover B Buz & Ken Haeser),9,3.99
2/1/17,CMZ0329,AMERICAN MYTHOLOGY PRODUCTIONS,Stargate Atlantis Gateways #2 (Cover C Photo),23,3.99
2/1/17,CMZ0330,AMIGO COMICS,Rogues Volume 3 Hearts And Tombs TP,9,19.99
2/1/17,CMZ0331,AMRYL ENTERTAINMENT,Cavewoman Ankha's Revenge #3 (Of 3)(Cover A Devon Massey),14,3.99
2/1/17,CMZ0332,ARCHIE COMIC PUBLICATIONS,Archie 75th Anniversary Digest #6,16,6.99
2/1/17,CMZ0333,ARCHIE COMIC PUBLICATIONS,Archie Jumbo Comics Digest #276,34,6.99
2/1/17,CMZ0334,ARCHIE COMIC PUBLICATIONS,Josie And The Pussycats #4 (Cover A Audrey Mok),1,3.99
2/1/17,CMZ0335,ARCHIE COMIC PUBLICATIONS,Josie And The Pussycats #4 (Cover B Sanya Anwar),5,3.99
2/1/17,CMZ0336,ARCHIE COMIC PUBLICATIONS,Josie And The Pussycats #4 (Cover C Michael Walsh),9,3.99
2/1/17,CMZ0337,ATRIA BOOKS,Explorers Guild Volume 1 A Passage To Shambhala SC,10,18
2/1/17,CMZ0338,BLACK LIBRARY,Warhammer 40000 The Macharian Crusade Omnibus SC,2,21
2/1/17,CMZ0339,BLACK MASK COMICS,No Angel #1 (Ari Syahrazad 2nd Printing Variant Cover),1,3.99
2/1/17,CMZ0340,BOOM! STUDIOS,Adventure Time #61 (Cover A Shelli Paroline),5,3.99
2/1/17,CMZ0341,BOOM! STUDIOS,Adventure Time #61 (Cover B Erin Lux),2,3.99
2/1/17,CMZ0342,BOOM! STUDIOS,Big Trouble In Little China Escape From New York #5 (Of 6)(Cover A Daniel Bayliss),8,3.99
2/1/17,CMZ0343,BOOM! STUDIOS,Big Trouble In Little China Escape From New York #5 (Of 6)(Cover B Giuseppe Camuncoli),6,3.99
2/1/17,CMZ0344,BOOM! STUDIOS,Giant Days #23 (Cover A Lissa Treiman),1,3.99
2/1/17,CMZ0345,BOOM! STUDIOS,Goldie Vance #9 (Cover A Kat Leyh),4,3.99
2/1/17,CMZ0346,BOOM! STUDIOS,Official Art Of Big Trouble In Little China HC,6,39.99
2/1/17,CMZ0347,BOOM! STUDIOS,Planet Of The Apes Green Lantern #1 (Of 6)(Cover A Ethan Van Sciver),9,3.99
2/1/17,CMZ0348,BOOM! STUDIOS,Planet Of The Apes Green Lantern #1 (Of 6)(Cover E David Ryan Robinson),2,3.99
2/1/17,CMZ0349,BOOM! STUDIOS,Planet Of The Apes Green Lantern #1 (Of 6)(Cover F George Perez & Jerry Ordway),3,3.99
2/1/17,CMZ0350,BOOM! STUDIOS,Woods #29 (Cover A Michael Dialynas),2,3.99
2/1/17,CMZ0351,BOUNDLESS COMICS,Jungle Fantasy Ivory #6 (Christian Zanier Sultry Cover),2,5.99
2/1/17,CMZ0352,BOUNDLESS COMICS,Jungle Fantasy Ivory #6 (Matt Martin Luscious Cover),2,5.99
2/1/17,CMZ0353,BOUNDLESS COMICS,Jungle Fantasy Ivory #6 (Raulo Caceres Natural Beauty Cover),1,5.99
2/1/17,CMZ0354,BOUNDLESS COMICS,Jungle Fantasy Ivory #6 (Raulo Caceres Wraparound Cover),6,5.99
2/1/17,CMZ0355,BOUNDLESS COMICS,Jungle Fantasy Ivory #6 (Renato Camilo Regular Cover),8,5.99
2/1/17,CMZ0356,CALIBER ENTERTAINMENT,Deadworld Coloring Book SC,5,9.99
2/1/17,CMZ0357,CAPSTONE PUBLISHING,Gods And Thunder Old Norse Myths GN,9,14.95
2/1/17,CMZ0358,CAPSTONE PUBLISHING,Good Morning Superman Picture Book HC,12,15.95
2/1/17,CMZ0359,CAPSTONE PUBLISHING,Lois Lane Double Down Novel SC,15,9.95
2/1/17,CMZ0360,CAPSTONE PUBLISHING,Superman Science The Real-World Science Behind Superman's Powers SC,5,9.95
2/1/17,CMZ0361,COMICMIX,Beardo Volume 5 The Miracle Of Creation TP,2,24.95
2/1/17,CMZ0362,COMIXTRIBE,Chum Volume 1 TP,7,12.99
2/1/17,CMZ0363,DANGER ZONE,Vampblade #12 (Cover C Winston Young Costume One),4,4.99
2/1/17,CMZ0364,DARK HORSE COMICS,Baltimore The Red Kingdom #1 (Of 5),1,3.99
2/1/17,CMZ0365,DARK HORSE COMICS,Eerie Archives Volume 23 HC,9,3.99
2/1/17,CMZ0366,DARK HORSE COMICS,He-Man And The Masters Of The Universe The Newspaper Comic Strips HC,23,3.99
2/1/17,CMZ0367,DARK HORSE COMICS,Will Save The Galaxy For Food Novel SC,9,12.99
2/1/17,CMZ0368,DC COMICS,Absolute Wonder Woman By Brian Azzarello And Cliff Chiang Volume 1 HC,14,125
2/1/17,CMZ0369,DC COMICS,Aquaman #16 (Cover A Brad Walker & Andrew Hennessy),16,2.99
2/1/17,CMZ0370,DC COMICS,Batman #16 (Cover A David Finch),34,2.99
2/1/17,CMZ0371,DC COMICS,Batman Detective Comics Volume 1 Rise Of The Batmen TP,1,16.99
2/1/17,CMZ0372,DC COMICS,Cyborg #9 (Cover A Will Conrad),5,2.99
2/1/17,CMZ0373,DC COMICS,DC Comics Bombshells #22,9,3.99
2/1/17,CMZ0374,DC COMICS,Death Of Hawkman #5 (Of 6),10,3.99
2/1/17,CMZ0375,DC COMICS,Everafter From The Pages Of Fables #6,9,3.99
2/1/17,CMZ0376,DC COMICS,Fall And Rise Of Captain Atom #2 (Of 6),12,2.99
2/1/17,CMZ0377,DC COMICS,Flintstones #8 (Cover A Cully Hamner),15,3.99
2/1/17,CMZ0378,DC COMICS,Green Arrow #16 (Cover A Juan Ferreyra),5,2.99
2/1/17,CMZ0379,DC COMICS,Green Lanterns #16 (Cover A James Harren),2,2.99
2/1/17,CMZ0380,DC COMICS,Harley Quinn #13 (Cover A Amanda Conner),7,2.99
2/1/17,CMZ0381,DC COMICS,Harley Quinn And Her Gang Of Harleys TP,4,16.99
2/1/17,CMZ0382,DC COMICS,Injustice Ground Zero #5,1,2.99
2/1/17,CMZ0383,DC COMICS,Justice League #14 (Cover A Bryan Hitch & Daniel Henriques),9,2.99
2/1/17,CMZ0384,DC COMICS,Kid Eternity Volume 1 TP,23,24.99
2/1/17,CMZ0385,DC COMICS,Midnighter And Apollo #5 (Of 6),9,3.99
2/1/17,CMZ0386,DC COMICS,Nightwing #14 (Cover A Marcus To),14,2.99
2/1/17,CMZ0387,DC COMICS,Robin Son Of Batman Volume 2 Dawn Of The Demons TP,16,16.99
2/1/17,CMZ0388,DC COMICS,Scooby Apocalypse Volume 1 TP,34,16.99
2/1/17,CMZ0389,DC COMICS,Shade The Changing Girl #5 (Cover A Becky Cloonan),1,3.99
2/1/17,CMZ0390,DC COMICS,Sheriff Of Babylon Volume 2 Pow Pow Pow TP,5,16.99
2/1/17,CMZ0391,DC COMICS,Super Powers #4 (Of 6),9,2.99
2/1/17,CMZ0392,DC COMICS,Superman #16 (Cover A Ryan Sook),10,2.99
2/1/17,CMZ0393,DC COMICS,Teen Titans Volume 4 When Titans Fall TP,9,16.99
2/1/17,CMZ0394,DC COMICS,Wonder Woman Volume 9 Resurrection TP,10,16.99
2/1/17,CMZ0395,DIAMOND PUBLICATIONS,Game Trade Magazine #204,2,3.99
2/1/17,CMZ0396,DIAMOND PUBLICATIONS,Previews #341 (February 2017),1,3.99
2/1/17,CMZ0397,DOVER PUBLICATIONS,Lightrunner GN,5,19.95
2/1/17,CMZ0398,DOVER PUBLICATIONS,Little Tulip GN,2,14.95
2/1/17,CMZ0399,DOVER PUBLICATIONS,Seekers Into The Mystery TP,8,34.95
2/1/17,CMZ0400,DYNAMITE ENTERTAINMENT,Flash Gordon Kings Cross #4 (Of 5)(Cover A Jesse Hamm),6,3.99
2/1/17,CMZ0401,DYNAMITE ENTERTAINMENT,Flash Gordon Kings Cross #4 (Of 5)(Cover B Adrian Nelson),1,3.99
2/1/17,CMZ0402,DYNAMITE ENTERTAINMENT,Flash Gordon Kings Cross #4 (Of 5)(Cover C Roberto Castro),4,3.99
2/1/17,CMZ0403,DYNAMITE ENTERTAINMENT,Green Hornet Reign Of The Demon #3 (Of 4)(Cover A Moritat),6,3.99
2/1/17,CMZ0404,DYNAMITE ENTERTAINMENT,Green Hornet Reign Of The Demon #3 (Of 4)(Cover B Anthony Marques),9,3.99
2/1/17,CMZ0405,DYNAMITE ENTERTAINMENT,Intertwined #4 (Of 6)(Cover A Fred Pham Chuong),2,3.99
2/1/17,CMZ0406,DYNAMITE ENTERTAINMENT,Shadow The Death Of Margo Lane HC (Limited Previews Exclusive Edition),3,199.99
2/1/17,CMZ0407,DYNAMITE ENTERTAINMENT,Vampirella #0 (Cover A Philip Tan),2,0.25
2/1/17,CMZ0408,DYNAMITE ENTERTAINMENT,Will Eisner's The Spirit The Corpse-Makers #1 (Of 5)(Cover A Francesco Francavilla),2,3.99
2/1/17,CMZ0409,FANTAGRAPHICS BOOKS,Eightball Caricature Nine Stories TP (New Printing),2,16.99
2/1/17,CMZ0410,FANTAGRAPHICS BOOKS,Farmer Ned's Comics Barn GN (Gerald Jabolonski Collection),1,30
2/1/17,CMZ0411,FANTAGRAPHICS BOOKS,Not Waving But Drawing GN (John Cuneo Collection),6,25
2/1/17,CMZ0412,HERMES PRESS,Phantom The Complete Avon Novels Volume 2 The Slave Market Of Mucar SC,8,14.99
2/1/17,CMZ0413,IDW PUBLISHING,Back To The Future #16 (Cover A Emma Vieceli),5,3.99
2/1/17,CMZ0414,IDW PUBLISHING,Back To The Future #16 (Cover B Dan Schoening),9,3.99
2/1/17,CMZ0415,IDW PUBLISHING,Box Office Poison Color Comics #2 (Cover A Alex Robinson),12,3.99
2/1/17,CMZ0416,IDW PUBLISHING,Chester 5000 Volume 2 Isabelle And George HC,15,14.95
2/1/17,CMZ0417,IDW PUBLISHING,Donald Quest #4 (Of 5)(Cover A Andrea Freccero),5,3.99
2/1/17,CMZ0418,IDW PUBLISHING,Donald Quest #4 (Of 5)(Cover B Stefano Zanchi),2,3.99
2/1/17,CMZ0419,IDW PUBLISHING,Electric Sublime #4 (Of 4)(Cover A Martin Morazzo),7,3.99
2/1/17,CMZ0420,IDW PUBLISHING,Electric Sublime #4 (Of 4)(Cover B Brendan McCarthy),4,3.99
2/1/17,CMZ0421,IDW PUBLISHING,Ghostbusters Annual 2017 (Cover A Dan Schoening),1,7.99
2/1/17,CMZ0422,IDW PUBLISHING,Ghostbusters Annual 2017 (Cover B Tim Lattie),9,7.99
2/1/17,CMZ0423,IDW PUBLISHING,Ghostbusters International Volume 2 TP,23,19.99
2/1/17,CMZ0424,IDW PUBLISHING,Haunted Horror #26 (Cover A Bernard Baily),9,4.99
2/1/17,CMZ0425,IDW PUBLISHING,Jem And The Holograms Annual 2017 (Cover B Becca Farrow),14,7.99
2/1/17,CMZ0426,IDW PUBLISHING,Jem And The Misfits #2 (Cover A M. Victoria Robado),16,3.99
2/1/17,CMZ0427,IDW PUBLISHING,Jem And The Misfits #2 (Cover B Jenn St-Onge),34,3.99
2/1/17,CMZ0428,IDW PUBLISHING,Jim Thompson's The Killer Inside Me #5 (Of 5)(Cover A Vic Malhotra),1,3.99
2/1/17,CMZ0429,IDW PUBLISHING,Jim Thompson's The Killer Inside Me #5 (Of 5)(Cover B Robert Hack),5,3.99
2/1/17,CMZ0430,IDW PUBLISHING,Judge Dredd The Brendan McCarthy Collection HC,9,49.99
2/1/17,CMZ0431,IDW PUBLISHING,My Little Pony Friends Forever Volume 8 TP,10,19.99
2/1/17,CMZ0432,IDW PUBLISHING,My Little Pony Friendship Is Magic #50 (Cover A Andy Price),9,5.99
2/1/17,CMZ0433,IDW PUBLISHING,My Little Pony Friendship Is Magic #50 (Cover B Andy Price),12,5.99
2/1/17,CMZ0434,IDW PUBLISHING,Popeye Classics #55 (Cover A Bud Sagendorf),15,4.99
2/1/17,CMZ0435,IDW PUBLISHING,Star Trek New Visions Volume 12 Sam (Cover A John Byrne),5,7.99
2/1/17,CMZ0436,IDW PUBLISHING,Teenage Mutant Ninja Turtles The IDW Collection Volume 4 HC,2,49.99
2/1/17,CMZ0437,IDW PUBLISHING,Transformers Lost Light #2 (Cover A Jack Lawrence),7,3.99
2/1/17,CMZ0438,IDW PUBLISHING,Transformers Lost Light #2 (Cover B Alex Milne),4,3.99
2/1/17,CMZ0439,IDW PUBLISHING,Transformers Lost Light #2 (Cover C Nick Roche),1,3.99
2/1/17,CMZ0440,IDW PUBLISHING,Uncle Scrooge #23 (Cover A Giorgio Cavazzano),9,3.99
2/1/17,CMZ0441,IDW PUBLISHING,Uncle Scrooge #23 (Cover B Francisco Rodriguez Peinado),23,3.99
2/1/17,CMZ0442,IDW PUBLISHING,WEIRD Love Jailbird Romance HC,9,29.99
2/1/17,CMZ0443,IDW PUBLISHING,Wind In The Willows HC (Illustrated By David Petersen),14,24.99
2/1/17,CMZ0444,IDW PUBLISHING,Yakuza Demon Killers #4 (Of 6)(Cover A Eli Powell & K. Michael Russell),16,3.99
2/1/17,CMZ0445,IDW PUBLISHING,Yakuza Demon Killers #4 (Of 6)(Cover B Eli Powell & K. Michael Russell),34,3.99
2/1/17,CMZ0446,IDW PUBLISHING,You Might Be An Artist If HC,1,19.99
2/1/17,CMZ0447,IMAGE COMICS,Deadly Class #26 (Cover A Wesley Craig),5,3.99
2/1/17,CMZ0448,IMAGE COMICS,Deadly Class #26 (Cover B Eric Canete Image Tribute Variant),9,3.99
2/1/17,CMZ0449,IMAGE COMICS,Image+ #10 (The Walking Dead Here's Negan Part 10),10,1.25
2/1/17,CMZ0450,IMAGE COMICS,Invincible #132,5,2.99
2/1/17,CMZ0451,IMAGE COMICS,Nailbiter #29 (Cover A Mike Henderson),2,2.99
2/1/17,CMZ0452,IMAGE COMICS,Paper Girls #11,7,2.99
2/1/17,CMZ0453,IMAGE COMICS,Planetoid Praxis #1 (Of 6),4,3.99
2/1/17,CMZ0454,IMAGE COMICS,Walking Dead #163 (Cover A Charlie Adlard & Dave Stewart),1,0.25
2/1/17,CMZ0455,IMAGE COMICS,Walking Dead #163 (Cover B Charlie Adlard & Dave Stewart),9,0.25
2/1/17,CMZ0456,IMAGE COMICS,Walking Dead #163 (Cover C Charlie Adlard),23,0.25
2/1/17,CMZ0457,IRON CIRCUS COMICS,Poorcraft Volume 1 GN,9,10
2/1/17,CMZ0458,JOE BOOKS,Disney Descendants Cinestory Volume 3 TP,14,9.99
2/1/17,CMZ0459,JOE BOOKS,Disney Frozen #5,16,3.99
2/1/17,CMZ0460,MARRS MEDIA,Rue Morgue Special Phantasm,34,14.95
2/1/17,CMZ0461,MARVEL COMICS,All-New X-Men #1.MU (Adam Kubert Regular Cover),1,4.99
2/1/17,CMZ0462,MARVEL COMICS,All-New X-Men #18 (Mark Bagley Regular Cover),5,3.99
2/1/17,CMZ0463,MARVEL COMICS,Alpha Flight By John Byrne Omnibus HC,9,100
2/1/17,CMZ0464,MARVEL COMICS,Avengers #4 (Alex Ross Regular Cover),10,3.99
2/1/17,CMZ0465,MARVEL COMICS,Bullseye #1 (Of 5)(Dave Johnson Regular Cover),2,4.99
2/1/17,CMZ0466,MARVEL COMICS,Captain Marvel Volume 2 Civil War II TP,1,16.99
2/1/17,CMZ0467,MARVEL COMICS,Champions #5 (Humberto Ramos Regular Cover),5,3.99
2/1/17,CMZ0468,MARVEL COMICS,Civil War II HC,2,50
2/1/17,CMZ0469,MARVEL COMICS,Color Your Own Wolverine TP,8,9.99
2/1/17,CMZ0470,MARVEL COMICS,Deadpool #26 (David Lopez Regular Cover),15,3.99
2/1/17,CMZ0471,MARVEL COMICS,Deadpool And The Mercs For Money #8 (Iban Coello Regular Cover),5,3.99
2/1/17,CMZ0472,MARVEL COMICS,Hawkeye #3 (Julian Totino Tedesco Regular Cover),2,3.99
2/1/17,CMZ0473,MARVEL COMICS,Karnak #6,7,3.99
2/1/17,CMZ0474,MARVEL COMICS,Marvel Previews February 2017,4,1.25
2/1/17,CMZ0475,MARVEL COMICS,Marvel Universe Avengers Ultron Revolution #8,1,2.99
2/1/17,CMZ0476,MARVEL COMICS,Marvel's Guardians Of The Galaxy Volume 2 Prelude #2 (Of 2),9,2.99
2/1/17,CMZ0477,MARVEL COMICS,Monsters Unleashed #2 (Of 5)(Greg Land Regular Cover),23,4.99
2/1/17,CMZ0478,MARVEL COMICS,Moon Knight #11,9,3.99
2/1/17,CMZ0479,MARVEL COMICS,Nova #3 (Ramon Perez Regular Cover),14,3.99
2/1/17,CMZ0480,MARVEL COMICS,Old Man Logan #17,16,3.99
2/1/17,CMZ0481,MARVEL COMICS,Slapstick #3 (David Nakayama Regular Cover),34,3.99
2/1/17,CMZ0482,MARVEL COMICS,Spider-Gwen Volume 1 HC,1,34.99
2/1/17,CMZ0483,MARVEL COMICS,Spider-Man 2099 #20,5,3.99
2/1/17,CMZ0484,MARVEL COMICS,Star Wars #28 (Stuart Immonen Regular Cover),9,3.99
2/1/17,CMZ0485,MARVEL COMICS,Star Wars Darth Maul #1 (Of 5)(Rod Reis Regular Cover),10,4.99
2/1/17,CMZ0486,MARVEL COMICS,Thanos Death Sentence Prose Novel HC,9,24.99
2/1/17,CMZ0487,MARVEL COMICS,True Believers Wolverine #1,10,1
2/1/17,CMZ0488,MARVEL COMICS,True Believers Wolverine Vs Hulk #1,2,1
2/1/17,CMZ0489,MARVEL COMICS,Unbelievable Gwenpool #11,1,3.99
2/1/17,CMZ0490,MARVEL COMICS,Unstoppable Wasp #2 (Elsa Charretier Regular Cover),5,3.99
2/1/17,CMZ0491,MARVEL COMICS,War Of Kings Aftermath Realm Of Kings Omnibus HC,2,125
2/1/17,CMZ0492,MARVEL COMICS,Wolverine Epic Collection Volume 12 Shadow Of Apocalypse TP,8,39.99
2/1/17,CMZ0493,MARVEL COMICS,Wolverine Old Man Logan HC (New Printing),6,34.99
2/1/17,CMZ0494,NBM,Lighthouse HC,1,15.99
2/1/17,CMZ0495,ONI PRESS,Invader Zim #1 (1 Dollar Edition),4,1
2/1/17,CMZ0496,ONI PRESS,Kaijumax #1 (1 Dollar Edition),6,1
2/1/17,CMZ0497,ONI PRESS,Letter 44 #1 (1 Dollar Edition),9,1
2/1/17,CMZ0498,ONI PRESS,Life After #1 (1 Dollar Edition),2,1
2/1/17,CMZ0499,PENGUIN BOOKS,Darling I Love You Poems From The Hearts Of Our Glorious Mutts And All Our Animal Friends SC,3,17
2/1/17,CMZ0500,SANCTUM PRODUCTIONS,Doc Savage Double Novel Volume 46 SC (James Bama Variant Cover),2,14.95
2/1/17,CMZ0501,SANCTUM PRODUCTIONS,Shadow Double Novel Volume 114 SC,2,14.95
2/1/17,CMZ0502,SEVEN SEAS ENTERTAINMENT,Kindred Spirits On The Roof The Complete Collection TP,2,20.99
2/1/17,CMZ0503,SEVEN SEAS ENTERTAINMENT,My Pathetic Vampire Life Volume 2 GN,1,12.99
2/1/17,CMZ0504,SPACE GOAT PUBLISHING,Big Game Hunters Digest Volume 1 The Lizard Baron TP,6,15.99
2/1/17,CMZ0505,SPACE GOAT PUBLISHING,Mage Inc Digest Volume 1 The Intern TP,8,15.99
2/1/17,CMZ0506,T PUB,Twisted Light GN,5,14.99
2/1/17,CMZ0507,TITAN ENTERTAINMENT GROUP,Assassin's Creed Uprising #1 (Cover A Alex Ronald),9,3.99
2/1/17,CMZ0508,TITAN ENTERTAINMENT GROUP,Assassin's Creed Uprising #1 (Cover B Sunsetagain),12,3.99
2/1/17,CMZ0509,TITAN ENTERTAINMENT GROUP,Assassin's Creed Uprising #1 (Cover C Jimbo Salgado),15,3.99
2/1/17,CMZ0510,TITAN ENTERTAINMENT GROUP,Assassin's Creed Uprising #1 (Cover D Jose Holder),5,3.99
2/1/17,CMZ0511,TITAN ENTERTAINMENT GROUP,Assassin's Creed Uprising #1 (Cover E Doubleleaf),2,3.99
2/1/17,CMZ0512,TITAN ENTERTAINMENT GROUP,Assassin's Creed Uprising #1 (Cover F Blank Sketch),7,3.99
2/1/17,CMZ0513,TITAN ENTERTAINMENT GROUP,Best Of Star Wars Insider SC,4,19.99
2/1/17,CMZ0514,TITAN ENTERTAINMENT GROUP,Doctor Who The Twelfth Doctor Year Two #14 (Cover A Claudia Caranfa),1,3.99
2/1/17,CMZ0515,TITAN ENTERTAINMENT GROUP,Doctor Who The Twelfth Doctor Year Two #14 (Cover B Photo),9,3.99
2/1/17,CMZ0516,TITAN ENTERTAINMENT GROUP,Doctor Who The Twelfth Doctor Year Two #14 (Cover C Max Baxter),23,3.99
2/1/17,CMZ0517,TITAN ENTERTAINMENT GROUP,Hard Case Crime The Assignment #2 (Of 3)(Cover A Alex Shiboa),9,5.99
2/1/17,CMZ0518,TITAN ENTERTAINMENT GROUP,Hard Case Crime The Assignment #2 (Of 3)(Cover B Simone Di Meo),14,5.99
2/1/17,CMZ0519,TITAN ENTERTAINMENT GROUP,Hard Case Crime The Assignment #2 (Of 3)(Cover C Jef),16,5.99
2/1/17,CMZ0520,TITAN ENTERTAINMENT GROUP,Hard Case Crime The Assignment #2 (Of 3)(Cover D Jef),34,5.99
2/1/17,CMZ0521,TITAN ENTERTAINMENT GROUP,Resident Evil The Final Chapter MMPB,1,7.99
2/1/17,CMZ0522,TITAN ENTERTAINMENT GROUP,Rivers Of London Black Mould #4 (Of 5)(Cover A Rachael Stott),5,3.99
2/1/17,CMZ0523,TITAN ENTERTAINMENT GROUP,Rivers Of London Black Mould #4 (Of 5)(Cover B Lee Sullivan),9,3.99
2/1/17,CMZ0524,TITAN ENTERTAINMENT GROUP,Rivers Of London Black Mould #4 (Of 5)(Cover C Assissi),10,3.99
2/1/17,CMZ0525,VALIANT ENTERTAINMENT,A&A The Adventures Of Archer And Armstrong #12 (Cover A Kano),9,3.99
2/1/17,CMZ0526,VALIANT ENTERTAINMENT,A&A The Adventures Of Archer And Armstrong #12 (Cover B Brent Peeples),12,3.99
2/1/17,CMZ0527,VALIANT ENTERTAINMENT,Faith #8 (Cover A Kano),15,3.99
2/1/17,CMZ0528,VALIANT ENTERTAINMENT,Faith #8 (Cover B Philip Tan),5,3.99
2/1/17,CMZ0529,VALIANT ENTERTAINMENT,Faith #8 (Cover C David LaFuente),2,3.99
2/1/17,CMZ0530,VERTICAL COMICS,Junji Ito's Dissolving Classroom GN,7,12.95
2/1/17,CMZ0531,VIZ MEDIA,Complete Pokemon Pocket Guide Volume 1 SC (2nd Edition),4,10.99
2/1/17,CMZ0532,ZENESCOPE ENTERTAINMENT,Grimm Fairy Tales Presents Day Of The Dead #1 (Of 6)(Cover A Allan Otero),1,3.99
2/1/17,CMZ0533,ZENESCOPE ENTERTAINMENT,Grimm Fairy Tales Presents Day Of The Dead #1 (Of 6)(Cover B Noah Salonga),9,3.99
2/1/17,CMZ0534,ZENESCOPE ENTERTAINMENT,Grimm Fairy Tales Presents Day Of The Dead #1 (Of 6)(Cover C Sean Chen),23,3.99
2/1/17,CMZ0535,ZENESCOPE ENTERTAINMENT,Grimm Fairy Tales Presents Day Of The Dead #1 (Of 6)(Cover D Manuel Preitano),9,3.99
2/1/17,CMZ0536,ZENESCOPE ENTERTAINMENT,Grimm Fairy Tales Presents Red Agent The Human Order #3 (Cover A Sami Kivela),14,3.99
2/1/17,CMZ0537,ZENESCOPE ENTERTAINMENT,Grimm Fairy Tales Presents Red Agent The Human Order #3 (Cover B Allan Otero),16,3.99
2/1/17,CMZ0538,ZENESCOPE ENTERTAINMENT,Grimm Fairy Tales Presents Red Agent The Human Order #3 (Cover C Alfredo Reyes),34,3.99
2/1/17,CMZ0539,ZENESCOPE ENTERTAINMENT,Grimm Fairy Tales Presents Red Agent The Human Order #3 (Cover D Jose Luis),1,3.99
2/1/17,CMZ0540,ZENESCOPE ENTERTAINMENT,Grimm Fairy Tales Presents Robyn Hood I Love NY #1 (Of 12)(Coloring Book Edition),5,10
2/1/17,CMZ0541,ZENESCOPE ENTERTAINMENT,Grimm Fairy Tales Presents Van Helsing Vs Frankenstein #5 (Of 5)(Cover A Manuel Preitano),9,3.99
2/1/17,CMZ0542,ZENESCOPE ENTERTAINMENT,Grimm Fairy Tales Presents Van Helsing Vs Frankenstein #5 (Of 5)(Cover B Jason Metcalf),10,3.99
2/1/17,CMZ0543,ZENESCOPE ENTERTAINMENT,Grimm Fairy Tales Presents Van Helsing Vs Frankenstein #5 (Of 5)(Cover C Renato Rei),5,3.99
2/1/17,CMZ0544,ZENESCOPE ENTERTAINMENT,Grimm Fairy Tales Presents Van Helsing Vs Frankenstein #5 (Of 5)(Cover D Leonardo Colapietro),2,3.99
2/1/17,CMZ0545,ZENESCOPE ENTERTAINMENT,Spirit Hunters #4 (Of 12)(Cover A Anthony Spay),7,3.99
2/1/17,CMZ0546,ZENESCOPE ENTERTAINMENT,Spirit Hunters #4 (Of 12)(Cover B Daniel Leister),4,3.99
2/1/17,CMZ0547,ZENESCOPE ENTERTAINMENT,Spirit Hunters #4 (Of 12)(Cover C Renato Rei),1,3.99
2/1/17,CMZ0548,ZENESCOPE ENTERTAINMENT,Spirit Hunters #4 (Of 12)(Cover D Harvey Tolibao),9,3.99
2/1/17,CMZ0549,BOUNDLESS COMICS,Jungle Fantasy Ivory #6 (Christian Zanier Sultry Adult Cover)(adult),23,7.99
2/1/17,CMZ0550,BOUNDLESS COMICS,Jungle Fantasy Ivory #6 (Christian Zanier Sultry Nude Cover)(adult),9,7.99
2/1/17,CMZ0551,BOUNDLESS COMICS,Jungle Fantasy Ivory #6 (Matt Martin Luscious Adult Cover)(adult),14,7.99
2/1/17,CMZ0552,BOUNDLESS COMICS,Jungle Fantasy Ivory #6 (Matt Martin Luscious Nude Cover)(adult),16,7.99
2/1/17,CMZ0553,BOUNDLESS COMICS,Jungle Fantasy Ivory #6 (Raulo Caceres Natural Beauty Nude Cover)(adult),34,7.99
2/1/17,CMZ0554,BOUNDLESS COMICS,Jungle Fantasy Ivory #6 (Raulo Caceres Wraparound Nude Cover)(adult),1,7.99
2/1/17,CMZ0555,BOUNDLESS COMICS,Jungle Fantasy Ivory #6 (Renato Camilo Nude Cover)(adult),5,7.99